{"cameraMode":{"drawMode":0,"name":"Shaded","section":"Shading Mode"},"sceneLighting":true,"audioPlay":false,"sceneViewState":{"m_AlwaysRefresh":false,"showFog":true,"showSkybox":true,"showFlares":true,"showImageEffects":true,"showParticleSystems":true,"showVisualEffectGraphs":true,"m_FxEnabled":true},"in2DMode":false,"pivot":{"x":4.166787147521973,"y":0.5074821710586548,"z":-1.0584468841552735},"rotation":{"x":-0.0020984183065593244,"y":0.9972835779190064,"z":-0.06773030757904053,"w":-0.03112463653087616},"size":1.4351248741149903,"orthographic":false}